{"cameraMode":{"drawMode":0,"name":"Shaded","section":"Shading Mode"},"sceneLighting":false,"audioPlay":false,"sceneViewState":{"showFog":true,"showMaterialUpdate":false,"showSkybox":false,"showFlares":true,"showImageEffects":true,"showParticleSystems":true},"in2DMode":false,"pivot":{"x":-0.02573714405298233,"y":0.03939845785498619,"z":0.012105453759431839},"rotation":{"x":0.06873975694179535,"y":-0.5551840662956238,"z":0.04547528922557831,"w":0.8278325796127319},"size":0.38141733407974245,"orthographic":false}