{"cameraMode":{"drawMode":0,"name":"Shaded","section":"Shading Mode"},"sceneLighting":false,"audioPlay":false,"sceneViewState":{"showFog":true,"showMaterialUpdate":false,"showSkybox":false,"showFlares":true,"showImageEffects":true,"showParticleSystems":true},"in2DMode":false,"pivot":{"x":-4.76837158203125e-7,"y":5.1081719398498539,"z":-0.3499488830566406},"rotation":{"x":-0.19424888491630555,"y":-0.09772095829248429,"z":0.019938083365559579,"w":-0.9760385751724243},"size":8.724355697631836,"orthographic":false}