{"cameraMode":{"drawMode":0,"name":"Shaded","section":"Shading Mode"},"sceneLighting":false,"audioPlay":false,"sceneViewState":{"showFog":true,"showMaterialUpdate":false,"showSkybox":false,"showFlares":true,"showImageEffects":true,"showParticleSystems":true},"in2DMode":false,"pivot":{"x":3.8624625205993654,"y":1.8993439674377442,"z":1.7098965644836426},"rotation":{"x":-0.12987683713436128,"y":-0.5277145504951477,"z":0.08258693665266037,"w":-0.8355602025985718},"size":6.136096477508545,"orthographic":false}