{"cameraMode":{"drawMode":0,"name":"Shaded","section":"Shading Mode"},"sceneLighting":false,"audioPlay":false,"sceneViewState":{"showFog":true,"showMaterialUpdate":false,"showSkybox":false,"showFlares":true,"showImageEffects":true,"showParticleSystems":true},"in2DMode":false,"pivot":{"x":4.391672134399414,"y":-6.701656341552734,"z":-22.80026626586914},"rotation":{"x":0.02228260599076748,"y":-0.9735236763954163,"z":0.2028696984052658,"w":0.10455255210399628},"size":20.00759506225586,"orthographic":false}