{"cameraMode":{"drawMode":0,"name":"Shaded","section":"Shading Mode"},"sceneLighting":false,"audioPlay":false,"sceneViewState":{"showFog":true,"showMaterialUpdate":false,"showSkybox":false,"showFlares":true,"showImageEffects":true,"showParticleSystems":true},"in2DMode":false,"pivot":{"x":0.1507577896118164,"y":5.647468566894531,"z":0.008378744125366211},"rotation":{"x":0.06873975694179535,"y":-0.5551840662956238,"z":0.04547528922557831,"w":0.8278325796127319},"size":8.141730308532715,"orthographic":false}