{"cameraMode":{"drawMode":0,"name":"Shaded","section":"Shading Mode"},"sceneLighting":false,"audioPlay":false,"sceneViewState":{"showFog":true,"showMaterialUpdate":false,"showSkybox":false,"showFlares":true,"showImageEffects":true,"showParticleSystems":true},"in2DMode":false,"pivot":{"x":0.05442456901073456,"y":-0.12984085083007813,"z":-0.362774133682251},"rotation":{"x":-0.025540204718708993,"y":-0.9586647748947144,"z":0.2687235176563263,"w":-0.09060345590114594},"size":1.2486486434936524,"orthographic":false}