{"cameraMode":{"drawMode":0,"name":"Shaded","section":"Shading Mode"},"sceneLighting":true,"audioPlay":false,"sceneViewState":{"showFog":true,"showMaterialUpdate":false,"showSkybox":true,"showFlares":true,"showImageEffects":true,"showParticleSystems":true},"in2DMode":false,"pivot":{"x":3.6844563484191896,"y":-0.22059103846549989,"z":-1.6933822631835938},"rotation":{"x":0.08810792863368988,"y":0.9080493450164795,"z":-0.24254930019378663,"w":0.3300505578517914},"size":3.539030075073242,"orthographic":false}