{"cameraMode":{"drawMode":0,"name":"Shaded","section":"Shading Mode"},"sceneLighting":false,"audioPlay":false,"sceneViewState":{"showFog":true,"showMaterialUpdate":false,"showSkybox":false,"showFlares":true,"showImageEffects":true,"showParticleSystems":true},"in2DMode":false,"pivot":{"x":0.12453174591064453,"y":3.9440979957580568,"z":0.0},"rotation":{"x":0.05582863464951515,"y":-0.9352335333824158,"z":0.1685786098241806,"w":0.30681395530700686},"size":7.914944648742676,"orthographic":false}