{"cameraMode":{"drawMode":0,"name":"Shaded","section":"Shading Mode"},"sceneLighting":true,"audioPlay":false,"sceneViewState":{"showFog":true,"showMaterialUpdate":false,"showSkybox":true,"showFlares":true,"showImageEffects":true,"showParticleSystems":true},"in2DMode":false,"pivot":{"x":-0.014013404957950116,"y":-0.17816677689552308,"z":-0.2593427300453186},"rotation":{"x":-0.041505154222249988,"y":-0.9444791674613953,"z":0.2986897826194763,"w":-0.13091976940631867},"size":1.1157622337341309,"orthographic":false}